<?xml version="1.0" encoding="UTF-8"?>
<!DOCTYPE mapper PUBLIC "-//mybatis.org//DTD Mapper 3.0//EN" "http://mybatis.org/dtd/mybatis-3-mapper.dtd">
<mapper namespace="com.fox.mapper.UserMapper">
  <resultMap id="BaseResultMap" type="com.fox.domain.UserEntity">
    <id column="userid" jdbcType="NUMERIC" property="id" />
    <result column="username" jdbcType="VARCHAR" property="userName" />
    <result column="pwd" jdbcType="VARCHAR" property="pwd" />
    <result column="perms" jdbcType="VARCHAR" property="perms" />
  </resultMap>
  <sql id="Base_Column_List">
    userid, username, pwd, perms
  </sql>
  <select id="findUser" parameterType="java.lang.String" resultMap="BaseResultMap">
    select 
    <include refid="Base_Column_List" />
    from t_user1
    where username = #{username,jdbcType=VARCHAR}
  </select>
 
</mapper>